"","name","min","QL","median","QU","max","mean","skewness","kurtosis"
"1","wmc",0,3,6,12.5,123,11.4495159059474,3.47820206062698,15.0862204896237
"2","dit",1,1,2,4,8,2.56569847856155,0.656867143540344,-0.299148420765584
"3","noc",0,0,0,0,29,0.608575380359613,7.33232258782707,63.1681235180977
"4","cbo",0,4,8,18,171,14.4979253112033,3.4720559200712,16.4110638606785
"5","rfc",0,8,19,41,355,30.1618257261411,3.01472281363195,14.6192001887806
"6","lcom",0,0,3,22.5,6589,130.081604426003,7.68437714757805,67.1338347639365
